Longitude,Latitude,Station,Zone
0.003738,51.531952,Abbey Road,3
0.120286,51.490784,Abbey Wood,4
-0.267676,51.516887,Acton,3
-0.263416,51.508758,Acton Central,2
-0.280288,51.503071,Acton Town,3
-0.032651,51.356239,Addington Village,"3,4,5,6"
-0.073199,51.379808,Addiscombe,"3,4,5,6"
0.126459,51.435816,Albany Park,5
-0.075613,51.514342,Aldgate,1
-0.072987,51.515082,Aldgate East,1
-0.120135,51.598263,Alexandra Palace,3
-0.01261,51.510477,All Saints,2
-0.299501,51.541209,Alperton,4
-0.606499,51.674129,Amersham,9
-0.123622,51.382299,Ampere Way,"3,4,5,6"
-0.065123,51.412517,Anerley,4
-0.105567,51.532968,Angel,1
-0.048718,51.61242,Angel Road,4
-0.135107,51.565491,Archway,"2,3"
-0.058304,51.391523,Arena,"3,4,5,6"
-0.134256,51.61623,Arnos Grove,4
-0.105486,51.558541,Arsenal,2
-0.049433,51.406798,Avenue Road,"3,4,5,6"
-0.15689,51.52313,Baker Street,1
-0.152671,51.443183,Balham,3
-0.088986,51.513347,Bank,1
-0.213118,51.329293,Banstead,6
-0.097707,51.520215,Barbican,1
0.080846,51.539521,Barking,4
0.088491,51.585851,Barkingside,4
0.160962,51.46478,Barnehurst,6
-0.242019,51.467128,Barnes,3
-0.252348,51.472228,Barnes Bridge,3
-0.213416,51.490229,Barons Court,2
-0.148109,51.477318,Battersea Park,2
-0.187887,51.512111,Bayswater,1
-0.016481,51.424626,Beckenham Hill,4
-0.025687,51.410942,Beckenham Junction,4
-0.043378,51.40953,Beckenham Road,"3,4,5,6"
0.06154,51.514377,Beckton,3
0.054836,51.508901,Beckton Park,3
0.126895,51.539585,Becontree,5
-0.142124,51.38924,Beddington Lane,"3,4,5,6"
-0.178482,51.400962,Belgrave Walk,"3,4,5,6"
-0.020397,51.433865,Bellingham,3
-0.199475,51.34412,Belmont,5
-0.16396,51.550191,Belsize Park,2
0.152048,51.491959,Belvedere,5
-0.064316,51.497961,Bermondsey,2
-0.280307,51.398768,Berrylands,5
-0.055378,51.527192,Bethnal Green,2
-0.059999,51.524283,Bethnal Green Rail,2
0.148218,51.440815,Bexley,6
0.133377,51.46355,Bexleyheath,5
0.044318,51.40038,Bickley,5
-0.056272,51.403863,Birkbeck,4
-0.102981,51.511587,Blackfriars,1
0.008351,51.465408,Blackheath,3
-0.07052,51.384746,Blackhorse Lane,"3,4,5,6"
-0.039611,51.585777,Blackhorse Road,3
-0.007221,51.507832,Blackwall,2
-0.149599,51.513798,Bond Street,1
-0.094183,51.501049,Borough,1
-0.324733,51.495766,Boston Manor,4
-0.124163,51.607032,Bounds Green,"3,4"
-0.020485,51.527615,Bow Church,2
-0.024345,51.527042,Bow Road,2
-0.119778,51.60725,Bowes Park,"3,4"
-0.213321,51.576599,Brent Cross,3
-0.309608,51.487536,Brentford,4
0.299687,51.61361,Brentwood,7
-0.031078,51.655245,Brimsdown,5
-0.114538,51.462737,Brixton,2
-0.037734,51.46475,Brockley,2
0.01725,51.408942,Bromley North,4
0.017374,51.400001,Bromley South,5
-0.011668,51.52484,Bromley-by-Bow,"2,3"
-0.202824,51.545262,Brondesbury,2
-0.21046,51.540325,Brondesbury Park,2
-0.01101,51.747016,Broxbourne,9
-0.070385,51.594011,Bruce Grove,3
0.046727,51.626577,Buckhurst Hill,5
-0.264316,51.602552,Burnt Oak,4
-0.069266,51.641482,Bush Hill Park,5
-0.384707,51.645544,Bushey,8
-0.118346,51.547885,Caledonian Road,2
-0.11519,51.543285,Caledonian Road and Barnsbury,2
-0.057189,51.53206,Cambridge Heath,2
-0.139189,51.541851,Camden Road,2
-0.142438,51.539969,Camden Town,2
-0.050793,51.498168,Canada Water,2
-0.019452,51.503578,Canary Wharf,2
0.00832,51.51387,Canning Town,3
-0.090236,51.511362,Cannon Street,1
-0.09256,51.548188,Canonbury,2
-0.294377,51.607651,Canons Park,5
-0.385815,51.628187,Carpenders Park,7
-0.166384,51.368426,Carshalton,5
-0.169482,51.357387,Carshalton Beeches,5
-0.33149,51.522974,Castle Bar Park,4
-0.078593,51.282163,Caterham,6
-0.026524,51.444265,Catford,3
-0.024807,51.444695,Catford Bridge,3
-0.103874,51.375767,Centrale,"3,4,5,6"
0.128916,51.568047,Chadwell Heath,5
0.28749,51.485554,Chafford Hundred,7
-0.561053,51.667908,Chalfont and Latimer,8
-0.153719,51.544149,Chalk Farm,2
-0.111948,51.518494,Chancery Lane,1
-0.124789,51.508359,Charing Cross,1
0.030956,51.486835,Charlton,3
-0.214197,51.35546,Cheam,5
0.108998,51.356265,Chelsfield,6
-0.611415,51.70538,Chesham,9
-0.023873,51.702873,Cheshunt,8
-0.300462,51.364243,Chessington North,6
-0.307075,51.356705,Chessington South,6
0.076194,51.617858,Chigwell,4
0.009529,51.633253,Chingford,5
-0.169432,51.309275,Chipstead,6
0.057506,51.405598,Chislehurst,5
-0.266999,51.480782,Chiswick,3
-0.267723,51.494371,Chiswick Park,3
-0.518319,51.654266,Chorleywood,7
-0.104332,51.373707,Church Street,"3,4,5,6"
-0.103604,51.513935,City Thameslink,1
-0.138301,51.461804,Clapham Common,2
-0.13245,51.46547,Clapham High Street,2
-0.170301,51.464367,Clapham Junction,2
-0.129896,51.464916,Clapham North,2
-0.14797,51.452677,Clapham South,"2,3"
-0.057475,51.561569,Clapton,2
-0.040688,51.408541,Clock House,4
-0.389022,51.318347,Cobham and Stoke D'Abernon,6
-0.149902,51.652024,Cockfosters,5
-0.250273,51.595231,Colindale,4
-0.177401,51.418759,Colliers Wood,3
-0.059517,51.359789,Coombe Lane,"3,4,5,6"
-0.137889,51.315801,Coulsdon South,6
-0.124492,51.51276,Covent Garden,1
0.178517,51.448547,Crayford,6
-0.10683,51.684475,Crews Hill,6
-0.212534,51.558423,Cricklewood,3
-0.036532,51.455179,Crofton Park,3
-0.014918,51.49584,Crossharbour and London Arena,2
-0.117119,51.571327,Crouch Hill,3
-0.441589,51.647005,Croxley,7
-0.072593,51.41817,Crystal Palace,"3,4"
0.025787,51.509622,Custom House,3
-0.010567,51.481944,Cutty Sark for Maritime Greenwich,2
0.063855,51.508527,Cyprus,3
0.145045,51.526287,Dagenham Dock,5
0.165848,51.544187,Dagenham East,5
0.147694,51.541212,Dagenham Heathway,5
-0.07498,51.546094,Dalston Junction,2
-0.076213,51.548668,Dalston Kingsland,2
0.218098,51.4474,Dartford,6
0.083816,51.645492,Debden,6
-0.090973,51.468201,Denmark Hill,2
-0.026182,51.47889,Deptford,2
-0.022038,51.474477,Deptford Bridge,"2,3"
-0.017993,51.522258,Devons Road,2
-0.238783,51.551851,Dollis Hill,3
-0.329597,51.516005,Drayton Green,4
-0.105756,51.553078,Drayton Park,2
-0.207513,51.417398,Dundonald Road,"3,4,5,6"
-0.301996,51.514862,Ealing Broadway,3
-0.287137,51.510249,Ealing Common,3
-0.194299,51.491357,Earls Court,"1,2"
-0.187258,51.442239,Earlsfield,3
-0.248098,51.516263,East Acton,2
-0.091849,51.375716,East Croydon,5
-0.080422,51.461626,East Dulwich,2
-0.164729,51.587333,East Finchley,3
0.051531,51.539246,East Ham,"3,4"
-0.002356,51.508684,East India,"2,3"
-0.210984,51.45888,East Putney,"2,3"
-0.396809,51.576552,Eastcote,5
-0.026655,51.390796,Eden Park,5
-0.275079,51.61423,Edgware,5
-0.170525,51.520645,Edgware Road (Bakerloo),1
-0.167654,51.519998,Edgware Road (Circle/District/Hammersmith and City),1
-0.061625,51.625116,Edmonton Green,4
-0.100724,51.495849,Elephant and Castle,"1,2"
0.197267,51.549125,Elm Park,6
-0.049449,51.398291,Elmers End,4
0.044244,51.417081,Elmstead Woods,4
-0.279814,51.652876,Elstree and Borehamwood,6
0.052344,51.455662,Eltham,4
-0.016802,51.468372,Elverson Road,"2,3"
-0.122353,51.507313,Embankment,1
0.220237,51.569115,Emerson Park,6
-0.09069,51.652722,Enfield Chase,5
-0.028377,51.670846,Enfield Lock,6
-0.079315,51.65197,Enfield Town,5
0.11384,51.693686,Epping,6
-0.238956,51.323659,Epsom Downs,6
0.174276,51.481648,Erith,6
-0.096351,51.540633,Essex Road,2
-0.133282,51.528664,Euston,1
-0.133282,51.528664,Euston Square,1
-0.241489,51.345244,Ewell East,6
-0.257075,51.349991,Ewell West,6
0.090608,51.59611,Fairlop,4
0.078524,51.459086,Falconwood,4
-0.104829,51.520196,Farringdon,1
-0.40981,51.447879,Feltham,6
-0.07854,51.511567,Fenchurch Street,1
-0.024489,51.351317,Fieldway,"3,4,5,6"
-0.193206,51.600903,Finchley Central,4
-0.180036,51.547096,Finchley Road,2
-0.183637,51.55012,Finchley Road and Frognal,2
-0.105867,51.564635,Finsbury Park,2
0.024204,51.549316,Forest Gate,3
-0.053314,51.439308,Forest Hill,3
-0.19553,51.480261,Fulham Broadway,2
-0.349424,51.433943,Fulwell,6
0.07179,51.509034,Gallions Reach,3
0.066099,51.576553,Gants Hill,4
-0.098704,51.373966,George Street,"3,4,5,6"
0.205991,51.581866,Gidea Park,6
-0.083821,51.42447,Gipsy Hill,3
-0.183529,51.4945,Gloucester Road,1
-0.19482,51.572216,Golders Green,3
-0.22739,51.502077,Goldhawk Road,2
-0.134793,51.520613,Goodge Street,1
0.111744,51.566181,Goodmayes,4
-0.094459,51.663502,Gordon Hill,5
-0.151287,51.555405,Gospel Oak,2
0.092287,51.61348,Grange Hill,4
-0.0973,51.642623,Grange Park,5
-0.043107,51.354543,Gravel Hill,"3,4,5,6"
-0.143947,51.523789,Great Portland Street,1
-0.142463,51.506761,Green Park,1
-0.345864,51.54198,Greenford,4
-0.014849,51.477548,Greenwich,"2,3"
0.022613,51.430433,Grove Park,4
-0.27515,51.491863,Gunnersbury,3
-0.153865,51.377861,Hackbridge,4
-0.055575,51.547257,Hackney Central,2
-0.060171,51.549078,Hackney Downs,2
-0.025245,51.543558,Hackney Wick,2
-0.176567,51.668403,Hadley Wood,6
-0.075581,51.538685,Haggerston,2
0.094123,51.602845,Hainault,4
-0.222847,51.49182,Hammersmith (District),2
-0.224626,51.493483,Hammersmith (Met.),2
-0.178,51.556543,Hampstead,2
-0.164552,51.5552,Hampstead Heath,3
-0.372121,51.41588,Hampton,6
-0.342743,51.402294,Hampton Court,6
-0.313089,51.41464,Hampton Wick,6
-0.292982,51.530072,Hanger Lane,3
-0.338037,51.512186,Hanwell,4
-0.257481,51.536258,Harlesden,3
0.234219,51.593202,Harold Wood,6
-0.105194,51.577358,Harringay,3
-0.098203,51.577146,Harringay Green Lanes,3
-0.060686,51.399791,Harrington Road,"3,4,5,6"
-0.334238,51.592595,Harrow and Wealdstone,5
-0.336987,51.579388,Harrow-on-the-Hill,5
-0.369164,51.609829,Hatch End,6
-0.423366,51.466685,Hatton Cross,"5,6"
-0.188915,51.425457,Haydons Road,3
0.010157,51.375737,Hayes,5
-0.420627,51.503049,Hayes and Harlington,5
-0.356893,51.6025,Headstone Lane,5
-0.447715,51.45978,Heathrow Terminal 4,6
-0.490633,51.470025,Heathrow Terminal 5,6
-0.452393,51.471289,Heathrow Terminals 1 2 3,6
-0.238616,51.580075,Hendon,"3,4"
-0.22672,51.583133,Hendon Central,"3,4"
-0.102549,51.453991,Herne Hill,"2,3"
-0.021939,51.503387,Heron Quays,2
-0.194151,51.651688,High Barnet,5
-0.191552,51.500729,High Street Kensington,1
-0.000121,51.608356,Highams Park,4
-0.104068,51.546496,Highbury and Islington,2
-0.14692,51.577647,Highgate,3
-0.449884,51.553778,Hillingdon,6
-0.000957,51.452402,Hither Green,3
-0.119826,51.517236,Holborn,1
-0.206543,51.507147,Holland Park,2
-0.112921,51.552816,Holloway Road,2
-0.038498,51.546595,Homerton,2
-0.044139,51.450648,Honor Oak Park,3
0.218941,51.554355,Hornchurch,6
-0.111801,51.586475,Hornsey,3
-0.361782,51.462505,Hounslow,5
-0.365944,51.470926,Hounslow Central,4
-0.355261,51.473708,Hounslow East,4
-0.385693,51.473106,Hounslow West,5
-0.075571,51.531392,Hoxton,"1,2"
-0.15246,51.502584,Hyde Park Corner,1
-0.441565,51.560825,Ickenham,6
0.0687,51.559142,Ilford,4
-0.182823,51.474939,Imperial Wharf,2
-0.010479,51.48795,Island Gardens,2
-0.337314,51.475037,Isleworth,4
-0.101205,51.3246,Kenley,6
-0.105056,51.488662,Kennington,2
-0.224699,51.530524,Kensal Green,2
-0.220807,51.534215,Kensal Rise,2
-0.210365,51.49788,Kensington (Olympia),2
-0.045801,51.412718,Kent House,4
-0.140457,51.55001,Kentish Town,2
-0.146742,51.546548,Kentish Town West,2
-0.315202,51.581496,Kenton,4
-0.288832,51.490005,Kew Bridge,3
-0.285367,51.476789,Kew Gardens,"3,4"
0.028315,51.46269,Kidbrooke,3
-0.204618,51.546944,Kilburn,2
-0.191099,51.537268,Kilburn High Road,2
-0.193952,51.535136,Kilburn Park,2
0.062221,51.502009,King George V,3
-0.02025,51.345364,King Henry's Drive,"3,4,5,6"
-0.122742,51.530798,King's Cross,1
-0.123858,51.530312,Kings Cross St. Pancras,1
-0.278587,51.584877,Kingsbury,4
-0.301127,51.412642,Kingston,6
-0.211219,51.294723,Kingswood,6
-0.16065,51.501355,Knightsbridge,1
0.130845,51.345752,Knockholt,6
-0.210184,51.517211,Ladbroke Grove,2
-0.01923,51.456192,Ladywell,3
-0.111754,51.49913,Lambeth North,1
-0.175416,51.511891,Lancaster Gate,1
-0.015199,51.518884,Langdon Park,2
-0.217445,51.513958,Latimer Road,2
-0.084959,51.375199,Lebanon Road,"3,4,5,6"
0.013379,51.449459,Lee,3
-0.128228,51.511291,Leicester Square,1
-0.012418,51.464881,Lewisham,"2,3"
-0.006451,51.558132,Leyton,3
-0.008052,51.569364,Leyton Midland Road,3
0.009155,51.568522,Leytonstone,"3,4"
0.008269,51.563807,Leytonstone High Road,3
-0.039366,51.512312,Limehouse,2
-0.082235,51.517598,Liverpool Street,1
-0.080732,51.364276,Lloyd Park,"3,4,5,6"
-0.085991,51.504674,London Bridge,1
0.047887,51.50369,London City Airport,3
-0.057685,51.540719,London Fields,2
-0.102483,51.466679,Loughborough Junction,2
0.055294,51.64157,Loughton,6
-0.033316,51.424847,Lower Sydenham,4
-0.185418,51.529995,Maida Vale,2
-0.261106,51.38461,Malden Manor,4
-0.095671,51.570747,Manor House,"2,3"
0.045738,51.552854,Manor Park,"3,4"
-0.094183,51.512092,Mansion House,1
-0.158557,51.513966,Marble Arch,1
0.005696,51.545668,Maryland,3
-0.163478,51.522397,Marylebone,1
0.003219,51.483014,Maze Hill,3
-0.201328,51.413392,Merton Park,"3,4,5,6"
-0.032652,51.525311,Mile End,2
-0.249523,51.612871,Mill Hill Broadway,4
-0.209881,51.608317,Mill Hill East,4
-0.170857,51.397489,Mitcham,"3,4,5,6"
-0.153987,51.408384,Mitcham Eastfields,3
-0.157422,51.393043,Mitcham Junction,4
-0.086174,51.51063,Monument,1
-0.432899,51.629931,Moor Park,"6,7"
-0.089003,51.518437,Moorgate,1
-0.194838,51.402186,Morden,4
-0.192791,51.408872,Morden Road,"3,4,5,6"
-0.200287,51.396308,Morden South,4
-0.13873,51.534362,Mornington Crescent,2
-0.267189,51.468168,Mortlake,3
-0.239425,51.39532,Motspur Park,4
0.050339,51.439825,Mottingham,4
-0.014946,51.491236,Mudchute,2
-0.250101,51.554628,Neasden,3
-0.017369,51.342591,New Addington,"3,4,5,6"
-0.172955,51.648537,New Barnet,5
-0.035291,51.416706,New Beckenham,4
-0.032264,51.476429,New Cross,2
-0.039515,51.475265,New Cross Gate,2
0.070459,51.437691,New Eltham,4
-0.256204,51.403556,New Malden,4
-0.142995,51.614094,New Southgate,4
0.090318,51.575638,Newbury Park,4
-0.284186,51.411909,Norbiton,5
-0.122785,51.411189,Norbury,3
-0.259715,51.523432,North Acton,"2,3"
-0.087904,51.454482,North Dulwich,"2,3"
-0.288979,51.517622,North Ealing,3
0.003601,51.500255,North Greenwich,"2,3"
-0.362619,51.584631,North Harrow,5
-0.286383,51.46542,North Sheen,3
-0.303934,51.562396,North Wembley,4
-0.31505,51.500492,Northfields,3
-0.368426,51.548213,Northolt,5
-0.35942,51.557619,Northolt Park,5
-0.318185,51.578509,Northwick Park,4
-0.423823,51.611214,Northwood,6
-0.409297,51.600803,Northwood Hills,6
-0.075195,51.396954,Norwood Junction,4
-0.195907,51.509375,Notting Hill Gate,"1,2"
-0.053665,51.46658,Nunhead,2
-0.166181,51.637676,Oakleigh Park,4
-0.131839,51.647638,Oakwood,5
0.290498,51.52199,Ockendon,7
-0.087609,51.525581,Old Street,1
0.089043,51.37352,Orpington,6
-0.352082,51.481217,Osterley,4
-0.113307,51.481413,Oval,2
-0.140822,51.515223,Oxford Circus,1
-0.175722,51.515394,Paddington,1
-0.110258,51.618787,Palmers Green,4
-0.284915,51.526834,Park Royal,3
-0.20111,51.47496,Parsons Green,2
-0.069969,51.469511,Peckham Rye,2
-0.054481,51.419975,Penge East,4
-0.060631,51.418063,Penge West,4
-0.323056,51.536342,Perivale,4
0.074494,51.388599,Petts Wood,5
-0.182282,51.403377,Phipps Bridge,"3,4,5,6"
-0.133697,51.509697,Piccadilly Circus,1
-0.133094,51.489553,Pimlico,1
-0.381209,51.592362,Pinner,5
0.017795,51.531288,Plaistow,3
0.084314,51.489792,Plumstead,4
-0.034511,51.642731,Ponders End,5
0.03334,51.502216,Pontoon Dock,3
-0.017261,51.507588,Poplar,2
-0.294958,51.572104,Preston Road,4
0.033503,51.509435,Prince Regent,3
-0.012754,51.534328,Pudding Mill Lane,"2,3"
0.236789,51.481173,Purfleet,7
-0.113599,51.337364,Purley,6
-0.098801,51.346989,Purley Oaks,6
-0.216589,51.460953,Putney,"2,3"
-0.209351,51.467865,Putney Bridge,2
-0.204784,51.534313,Queens Park,2
-0.057341,51.474285,Queens Road Peckham,2
-0.286317,51.593883,Queensbury,4
-0.147341,51.474959,Queenstown Road,2
-0.187405,51.510449,Queensway,1
-0.317973,51.685413,Radlett,6
0.190706,51.51734,Rainham,6
-0.006923,51.41387,Ravensbourne,4
-0.235955,51.494068,Ravenscourt Park,2
-0.371046,51.575397,Rayners Lane,5
-0.229899,51.409375,Raynes Park,4
-0.068371,51.558763,Rectory Road,2
0.045408,51.576367,Redbridge,4
-0.123388,51.331442,Reedham,6
-0.106365,51.375277,Reeves Corner,"3,4,5,6"
-0.14533,51.523811,Regents Park,1
-0.301725,51.463233,Richmond,4
-0.47367,51.640323,Rickmansworth,7
-0.099479,51.332675,Riddlesdown,6
0.044041,51.616956,Roding Valley,4
0.18307,51.574642,Romford,6
-0.052952,51.501595,Rotherhithe,2
0.045192,51.508494,Royal Albert,3
-0.188809,51.518294,Royal Oak,2
0.01798,51.509055,Royal Victoria,3
-0.42122,51.572162,Ruislip,6
-0.40928,51.55996,Ruislip Gardens,5
-0.412835,51.573452,Ruislip Manor,6
-0.124576,51.523013,Russell Square,1
-0.093694,51.348246,Sanderstead,6
-0.078012,51.375022,Sandilands,"3,4,5,6"
-0.089885,51.392186,Selhurst,4
0.096334,51.563993,Seven Kings,4
-0.072452,51.583362,Seven Sisters,3
-0.056905,51.5113,Shadwell,2
0.329967,51.630873,Shenfield,7
-0.218505,51.504532,Shepherds Bush,2
-0.227386,51.505881,Shepherds Bush Market,2
-0.077073,51.523467,Shoreditch High Street,1
0.002782,51.405602,Shortlands,4
0.10333,51.434398,Sidcup,5
-0.072575,51.615242,Silver Street,4
0.190533,51.467748,Slade Green,6
-0.156474,51.49236,Sloane Square,1
-0.134333,51.322453,Smitham,6
0.021478,51.580891,Snaresbrook,4
-0.270201,51.499686,South Acton,3
-0.05474,51.487677,South Bermondsey,2
-0.092503,51.36275,South Croydon,5
-0.307026,51.501644,South Ealing,3
-0.178357,51.541477,South Hampstead,2
-0.35188,51.56468,South Harrow,5
-0.173909,51.494071,South Kensington,1
-0.308129,51.571044,South Kenton,4
-0.205536,51.403241,South Merton,4
-0.018446,51.500864,South Quay,2
-0.399101,51.55689,South Ruislip,5
-0.071842,51.580403,South Tottenham,3
-0.19196,51.415361,South Wimbledon,"3,4"
0.027958,51.591553,South Woodford,4
-0.378697,51.505957,Southall,4
-0.052969,51.648434,Southbury,5
-0.206595,51.444883,Southfields,3
-0.127756,51.632376,Southgate,4
-0.105781,51.503854,Southwark,1
-0.199,51.389912,St Helier,4
-0.03279,51.580609,St James Street,3
-0.023226,51.468975,St Johns,2
-0.32131,51.455206,St Margarets,4
0.107232,51.394759,St Mary Cray,6
-0.125491,51.530554,St Pancras,1
-0.133864,51.49961,St. James's Park,1
-0.17405,51.534854,St. Johns Wood,2
-0.097557,51.514835,St. Pauls,1
-0.245232,51.49445,Stamford Brook,2
-0.076654,51.574448,Stamford Hill,3
-0.303085,51.619673,Stanmore,5
0.004205,51.520604,Star Lane,3
-0.047368,51.521996,Stepney Green,2
-0.122832,51.472159,Stockwell,2
-0.072321,51.564638,Stoke Newington,2
-0.275386,51.543987,Stonebridge Park,3
-0.248695,51.363364,Stoneleigh,5
-0.003737,51.541693,Stratford,3
-0.001066,51.538149,Stratford High Street,3
-0.008764,51.544809,Stratford International,3
-0.339603,51.439748,Strawberry Hill,5
-0.132311,51.425846,Streatham,3
-0.135712,51.418985,Streatham Common,3
-0.127667,51.43846,Streatham Hill,3
-0.315912,51.554494,Sudbury and Harrow Road,4
-0.336378,51.55734,Sudbury Hill,4
-0.335432,51.558342,Sudbury Hill Harrow,4
-0.316329,51.551397,Sudbury Town,4
0.020379,51.413394,Sundridge Park,4
-0.30437,51.3926,Surbiton,6
-0.047516,51.493267,Surrey Quays,2
-0.191288,51.359506,Sutton,5
-0.196906,51.375555,Sutton Common,4
-0.175612,51.543035,Swiss Cottage,2
-0.055074,51.427341,Sydenham,3
-0.080216,51.432576,Sydenham Hill,3
-0.326481,51.481475,Syon Lane,4
-0.235994,51.291628,Tadworth,6
-0.242552,51.309181,Tattenham Corner,6
-0.332691,51.424498,Teddington,6
-0.113711,51.511041,Temple,1
-0.338278,51.388616,Thames Ditton,6
-0.034734,51.692373,Theobalds Grove,7
-0.129003,51.385686,Therapia Lane,"3,4,5,6"
0.102905,51.672552,Theydon Bois,6
-0.100419,51.398481,Thornton Heath,4
-0.279606,51.376843,Tolworth,5
-0.160988,51.419897,Tooting,3
-0.159686,51.435838,Tooting Bec,3
-0.16867,51.427049,Tooting Broadway,3
-0.131096,51.516211,Tottenham Court Road,1
-0.060173,51.587998,Tottenham Hale,3
-0.17934,51.630247,Totteridge and Whetstone,4
-0.074395,51.510393,Tower Gateway,1
-0.076687,51.510394,Tower Hill,1
-0.137728,51.556441,Tufnell Park,2
-0.105108,51.439797,Tulse Hill,3
-0.047215,51.672654,Turkey Street,6
-0.25451,51.495182,Turnham Green,2
-0.102791,51.590358,Turnpike Lane,3
-0.328846,51.450251,Twickenham,5
0.251415,51.558763,Upminster,6
0.234556,51.557719,Upminster Bridge,6
0.101546,51.538406,Upney,4
-0.129095,51.563623,Upper Holloway,2
-0.077467,51.308772,Upper Warlingham,6
0.034556,51.536628,Upton Park,3
-0.477087,51.546455,Uxbridge,6
-0.123816,51.485736,Vauxhall,"1,2"
-0.143906,51.496424,Victoria,1
-0.11738,51.367379,Waddon,5
-0.117973,51.377083,Waddon Marsh,"3,4,5,6"
-0.150849,51.360332,Wallington,5
-0.02655,51.685257,Waltham Cross,7
-0.019926,51.583018,Walthamstow Central,3
-0.02383,51.581546,Walthamstow Queens Road,3
-0.113239,51.373401,Wandle Park,"3,4,5,6"
-0.163523,51.446366,Wandsworth Common,3
-0.139023,51.470223,Wandsworth Road,2
-0.187896,51.461034,Wandsworth Town,2
0.028775,51.574902,Wanstead,4
0.026404,51.551778,Wanstead Park,3
-0.055846,51.50434,Wapping,2
-0.138264,51.52458,Warren Street,1
-0.182939,51.523104,Warwick Avenue,2
-0.113245,51.503147,Waterloo,1
-0.417256,51.657605,Watford,7
-0.391682,51.652654,Watford High Street,8
-0.396158,51.663883,Watford Junction,6
-0.097511,51.375368,Wellesley Road,"3,4,5,6"
0.101789,51.464777,Welling,4
-0.296378,51.551865,Wembley Central,4
-0.279228,51.563322,Wembley Park,4
-0.286032,51.554655,Wembley Stadium,4
-0.280643,51.51777,West Acton,3
-0.195524,51.487329,West Brompton,2
-0.10202,51.378552,West Croydon,5
-0.472162,51.510071,West Drayton,6
-0.090658,51.440912,West Dulwich,3
-0.319769,51.513625,West Ealing,3
-0.188903,51.609263,West Finchley,4
0.005332,51.528526,West Ham,3
-0.191112,51.547474,West Hampstead,2
-0.192523,51.548629,West Hampstead Thameslink,2
-0.353832,51.578924,West Harrow,5
-0.020568,51.506763,West India Quay,2
-0.206189,51.490109,West Kensington,2
-0.103175,51.431241,West Norwood,3
-0.437846,51.569588,West Ruislip,6
0.02226,51.502884,West Silvertown,3
-0.20463,51.36615,West Sutton,5
-0.014562,51.381284,West Wickham,5
-0.200868,51.520989,Westbourne Park,2
0.01776,51.484509,Westcombe Park,3
-0.026309,51.509638,Westferry,2
-0.124988,51.501402,Westminster,1
-0.224618,51.512232,White City,2
-0.070856,51.605035,White Hart Lane,3
-0.059406,51.519588,Whitechapel,2
-0.357668,51.449588,Whitton,5
-0.081121,51.309929,Whyteleafe,6
-0.076698,51.30349,Whyteleafe South,6
-0.222393,51.549373,Willesden Green,"2,3"
-0.243895,51.532234,Willesden Junction,3
-0.206648,51.421108,Wimbledon,3
-0.214075,51.409531,Wimbledon Chase,3
-0.199172,51.434581,Wimbledon Park,3
-0.100902,51.633887,Winchmore Hill,4
-0.109512,51.597454,Wood Green,3
-0.224458,51.509658,Wood Lane,2
-0.001939,51.58667,Wood Street,4
0.034071,51.607202,Woodford,4
0.044587,51.549053,Woodgrange Park,"3,4"
-0.154248,51.319019,Woodmansterne,6
-0.065333,51.387098,Woodside,"3,4,5,6"
-0.185411,51.617868,Woodside Park,4
0.069208,51.489907,Woolwich Arsenal,4
0.054627,51.491108,Woolwich Dockyard,3
-0.245561,51.381105,Worcester Park,4
