500,Acton Town,ACTN T,3,3
501,Barbican,BARBCN,1,1
502,Aldgate,ALGT,1,1
503,Aldgate East,ALGT E,1,1
504,Stratford International,Stratfd Int DLR,3,3
505,Alperton,ALPTON,4,4
506,Amersham,AMSHAM,9,9
507,Angel,ANGEL,1,1
508,Archway,ARCHWY,2,3
509,Arnos Grove,ARNS G,4,4
510,Arsenal,ARSNAL,2,2
511,Baker Street,BAK ST,1,1
512,Balham LU,BALHAM,3,3
513,Bank,BANK,1,1
514,Barking,BARKIN,4,4
515,Barkingside,BARKSD,4,4
516,Barons Court,BAR CT,2,2
517,Bayswater,BAYSWR,1,1
518,Becontree,BECNTR,5,5
519,Belsize Park,BLSZ P,2,2
520,Bethnal Green LU,BETH G,2,2
521,Blackfriars LU,BFRIAR,1,1
522,Blackhorse Road,BHSE R,3,3
523,King George V,KGV,3,3
524,Bond Street,BOND S,1,1
525,Borough,BORO,1,1
526,Boston Manor,BOST M,4,4
527,Bounds Green,BNDS G,3,4
528,Bow Road,BOW RD,2,2
529,Brent Cross,BRNT X,3,3
530,Bromley-by-Bow,BROM B,2,3
531,Buckhurst Hill,BUCK H,5,5
532,Burnt Oak,BT OAK,4,4
533,London City Airport,LCA,3,3
534,Caledonian Road,CAL RD,2,2
535,Camden Town,CAM TN,2,2
536,Cannon Street  LU,CAN ST,1,1
537,Canons Park,CAN PK,5,5
538,Pontoon Dock DLR,PON DK,3,3
539,Chalfont & Latimer,CHALFT,8,8
540,Chalk Farm,CHK FM,2,2
541,Chancery Lane,CHAN L,1,1
542,Embankment,EMBKMT,1,1
543,Chesham,CHESHM,9,9
544,Chigwell,CHIGWL,4,4
545,Chiswick Park,CHIS P,3,3
546,Chorleywood,CHORLY,7,7
547,Clapham Common,CLAP C,2,2
548,Clapham North,CLAP N,2,2
549,Clapham South,CLAP S,2,3
550,Cockfosters,COCKFS,5,5
551,Colindale,COLIND,4,4
552,Colliers Wood,COLL W,3,3
553,Covent Garden,COV GD,1,1
554,Croxley,CROXLY,7,7
555,Dagenham East,DAGM E,5,5
556,Dagenham Heathway,DAGM H,5,5
557,Debden,DEBDEN,6,6
558,Dollis Hill,DOLL H,3,3
559,W Silvertown,W SILV,3,3
560,Ealing Broadway,EALG B,3,3
561,Ealing Common,EALG C,3,3
562,Earls Court,EARL C,1,2
563,East Acton,E ACTN,2,2
564,Eastcote,EASTCT,5,5
565,East Finchley,E FCHY,3,3
566,East Ham,E HAM,3,4
567,East Putney,E PTNY,2,3
568,Edgware,EDGWRE,5,5
569,Edgware Road C&H,EDG RM,1,1
570,Elephant & Castle,ELEPHT,1,2
571,Elm Park,ELM PK,6,6
572,Epping,EPPING,6,6
573,Woolwich Arsenal DLR,WA DLR,4,4
574,Euston LU,EUSTON,1,1
575,Euston Square,EUS SQ,1,1
576,Fairlop,FAIRLP,4,4
577,Farringdon,FDON,1,1
578,Finchley Central,FCHY C,4,4
579,Finchley Road,FCHY R,2,2
580,Finsbury Park LU,FINS P,2,2
581,Fulham Broadway,FULM B,2,2
582,Gants Hill,GNTS H,4,4
583,Gloucester Road,GLOS R,1,1
584,Golders Green,GOLD G,3,3
585,Goldhawk Road,GHWK R,2,2
586,Goodge Street,GDGE S,1,1
587,Grange Hill,GRGE H,4,4
588,Great Portland Street,GT P S,1,1
589,Greenford,GRNFD,4,4
590,Green Park,GRN PK,1,1
591,Gunnersbury,GUNSBY,3,3
592,Hainault,HAINLT,4,4
593,Hammersmith D&P,HSTH D,2,2
594,Hampstead,HSTEAD,2,3
595,Hanger Lane,HANG L,3,3
596,Harlesden,HARLSD,3,3
597,Harrow & Wealdstone,HRRW W,5,5
598,Harrow-on-the-Hill,HRRW H,5,5
599,Wood Lane,W LANE,2,2
600,Kings Cross LU (North),KXN,1,1
601,Hendon Central,HEND C,3,4
602,High Barnet,HI BNT,5,5
603,Highbury & Islington,HIBURY,2,2
604,Highgate,HIGATE,3,3
605,High Street Kensington,HSK,1,1
606,Hillingdon,HILLDN,6,6
607,Holborn,HOLBRN,1,1
608,Holland Park,HLLD P,2,2
609,Holloway Road,HLWY R,2,2
610,Hornchurch,HORNCH,6,6
611,Hounslow Central,HSLO C,4,4
612,Hounslow East,HSLO E,4,4
613,Hounslow West,HSLO W,5,5
614,Hyde Park Corner,HPC,1,1
615,Ickenham,ICKENM,6,6
616,Kennington,KENN,2,2
617,Kensal Green,KSAL G,2,2
618,Kensington Olympia,K OLYM,2,2
619,Kentish Town,KTSH T,2,2
620,Kenton,KENTON,4,4
621,Kew Gardens,KEW GD,3,4
622,Kilburn,KILBN,2,2
623,Kilburn Park,KLBN P,2,2
624,Kingsbury,KGSBRY,4,4
625,Kings Cross LU (Tube),KXT,1,1
626,Knightsbridge,KBDG,1,1
627,Ladbroke Grove,LBKE G,2,2
628,Lambeth North,LAM N,1,1
629,Lancaster Gate,LANC G,1,1
630,Latimer Road,LAT RD,2,2
631,Leicester Square,LEIC S,1,1
632,Leyton,LEYTON,3,3
633,Leytonstone,LSTONE,3,4
634,Liverpool Street LU,LIV ST,1,1
635,London Bridge LU,LDON B,1,1
636,Loughton,LOUGTN,6,6
637,Maida Vale,MAID V,2,2
638,Manor House,MANR H,2,3
639,Mansion House,MANS H,1,1
640,Marble Arch,MBLE A,1,1
641,Marylebone LU,MBONE,1,1
642,Mile End,MILEND,2,2
643,Mill Hill East,MHE,4,4
644,Monument,MON,1,1
645,Moorgate,MGTE,1,1
646,Moor Park,MOOR P,6,7
647,Morden,MORDEN,4,4
648,Mornington Crescent,MORN C,2,2
649,Neasden,NEASDN,3,3
650,Newbury Park,NEWB P,4,4
653,North Acton,N ACTN,2,3
654,North Ealing,N EALG,3,3
655,Northfields,NTHFLD,3,3
656,North Harrow,N HRRW,5,5
657,Northolt,NTHOLT,5,5
658,Staff Travel,STAFF,1,1
659,North Wembley,N WEMB,4,4
660,Northwick Park,NWCK P,4,4
661,Northwood,NWOOD,6,6
662,Northwood Hills,NWD HL,6,6
663,Notting Hill Gate,NHG,1,2
664,Oakwood,OAKWD,5,5
665,Old Street,OLD ST,1,1
666,Canary Wharf LU (E2),CNRYE2,2,2
667,Osterley,OSTLEY,4,4
668,Oval,OVAL,2,2
669,Oxford Circus,OXO,1,1
670,Paddington LU,PADD,1,1
671,Park Royal,PK RYL,3,3
672,Parsons Green,PSNS G,2,2
673,Perivale,PERIVL,4,4
674,Piccadilly Circus,PICC C,1,1
675,Pinner,PINNER,5,5
676,Plaistow,PLASTW,3,3
677,Preston Road,PRES R,4,4
678,Putney Bridge,PTNY B,2,2
679,Queensbury,QNSBRY,4,4
680,Queens Park,QNS PK,2,2
681,Queensway,QNSWAY,1,1
682,Ravenscourt Park,RVCT P,2,2
683,Rayners Lane,RAYN L,5,5
684,Redbridge,REDBDG,4,4
685,Regents Park,REG PK,1,1
687,Rickmansworth,RICKY,7,7
688,Roding Valley,ROD VY,4,4
690,Royal Oak,ROYL O,2,2
691,Ruislip,RUISLP,6,6
692,Ruislip Gardens,RSLP G,5,5
693,Ruislip Manor,RSLP M,6,6
694,Russell Square,RUS SQ,1,1
695,St James's Park,SJP,1,1
696,St Johns Wood,SJW,2,2
697,St Pauls,ST PLS,1,1
698,Seven Sisters,SEVN S,3,3
700,Shepherds Bush LU,SH B U,2,2
702,Sloane Square,SLO SQ,1,1
703,Snaresbrook,SNARES,4,4
704,South Ealing,S EALG,3,3
705,Southfields,STHFLD,3,3
706,Southgate,STHGTE,4,4
707,South Harrow,S HRRW,5,5
708,South Kensington,S KENS,1,1
709,South Kenton,S KTON,4,4
710,South Ruislip,S RSLP,5,5
711,South Wimbledon,S WIMB,3,4
712,South Woodford,S WDFD,4,4
713,Stamford Brook,STFD B,2,2
714,Stanmore,STANMR,5,5
715,Stepney Green,STEP G,2,2
716,Stockwell,STOKWL,2,2
717,Stonebridge Park,STBR P,3,3
719,Stratford,STFORD,3,3
720,Sudbury Hill,SUD HL,4,4
721,Sudbury Town,SUD TN,4,4
723,Swiss Cottage,SWIS C,2,2
724,Temple,TEMPLE,1,1
725,Theydon Bois,THEY B,6,6
726,Tooting Bec,TOO BC,3,3
727,Tooting Broadway,TOO BY,3,3
728,Tottenham Court Road,TCR,1,1
729,Tottenham Hale,TOTT H,3,3
730,Totteridge,TOTTRG,4,4
731,Tower Hill,TOWR H,1,1
732,Charing Cross LU,CHAR X,1,1
733,Tufnell Park,TFNL P,2,2
734,Turnham Green,TURN G,2,3
735,Turnpike Lane,TPKE L,3,3
737,Upminster Bridge,UPM BR,6,6
738,Upney,UPNEY,4,4
739,Upton Park,UPTN P,3,3
740,Uxbridge,UXBGE,6,6
741,Victoria LU,VIC,1,1
742,Walthamstow Central,WSTW C,3,3
743,Wanstead,WSTEAD,4,4
745,Warren Street,WRRN S,1,1
746,Warwick Avenue,WCK AV,2,2
747,Waterloo LU (Bloo/Nthn/W&C),WLOO,1,1
748,Watford Met,WATFD,7,7
749,Stratford High Street,Stratford H St,3,3
750,Abbey Road DLR,Abbey Road,3,3
751,Wembley Central,WEM CN,4,4
752,Wembley Park,WEM PK,4,4
753,West Acton,W ACTN,3,3
754,Westbourne Park,WBNE P,2,2
755,West Brompton,W BROM,2,2
756,West Finchley,W FCHY,4,4
757,West Ham,W HAM,3,3
758,West Hampstead LU,W HSTD,2,2
759,West Harrow,W HRRW,5,5
760,West Kensington,W KENS,2,2
761,Westminster,WMNSTR,1,1
762,West Ruislip,W RSLP,6,6
763,Whitechapel,WCHAPL,2,2
764,White City,W CITY,2,2
765,Willesden Green,WLSD G,2,3
768,Wimbledon Park,WIMB P,3,3
769,Woodford,WDFORD,4,4
770,Wood Green,WOOD G,3,3
771,Woodside Park,WOOD P,4,4
772,Kings Cross LU (Western),KXM,1,1
773,Hammersmith C&H,HSTH M,2,2
774,Edgware Road B,EDG RB,1,1
775,Shepherds Bush Market,SH B M,2,2
776,Pimlico,PIMLCO,1,1
777,Vauxhall LU,VAUXLL,1,2
778,Brixton LU,BRIXTN,2,2
779,Hatton Cross,HTTN X,5,6
780,Heathrow Terminals 123 LU,HROW C,6,6
781,Heathrow Terminal 4 LU,HROW 4,6,6
783,Heathrow Terminal 5 LU,HROW 5,6,6
784,Southwark,STHWRK,1,1
787,Bermondsey,BMDSEY,2,2
788,Canada Water,CANADA,2,2
789,North Greenwich,N GREN,2,3
794,Zone 1,HOM,1,1
796,Waterloo LU (Jubilee),WLOO J,1,1
798,TICKETLINE,TKLINE,1,1
842,Canary Wharf DLR,CANARY,2,2
843,Canning Town DLR,CANN T,3,3
844,Bank DLR,BANK,1,1
850,All Saints,ALL ST,2,2
851,Bow Church,BOW CH,2,2
852,Canary Wharf LU (E1),CANARY,2,2
853,Langdon Park,Langdon Park DL,2,2
854,Crossharbour,CROSHB,2,2
855,Heron Quays,HERN Q,2,2
856,Island Gardens,ISLD G,2,2
857,Mudchute,MUDCHT,2,2
858,Poplar,POPLAR,2,2
859,Pudding Mill Lane,PUD ML,2,3
860,Shadwell DLR,SHADWL,2,2
861,South Quay,STH QY,2,2
862,Limehouse DLR,LIMEHS,2,2
863,Stratford DLR,STFORD,3,3
864,Tower Gateway,TOWR G,1,1
865,Westferry,WFERRY,2,2
866,West India Quay,W IN Q,2,2
867,Devons Road,DEV RD,2,2
879,Cutty Sark,CTY SK,2,3
882,Blackwall,BLAKWL,2,2
883,East India,E INDI,2,3
884,Canning Town,CANN T,3,3
886,Royal Victoria,RYL VC,3,3
887,Custom House DLR,CUST H,3,3
888,Prince Regent,PR REG,3,3
889,Star Lane DLR,Star Lane,3,3
890,Royal Albert,RYL AL,3,3
891,Beckton Park,BEC PK,3,3
893,Cyprus,CYPRUS,3,3
894,Gallions Reach,GALL R,3,3
895,Beckton,BECKTN,3,3
897,Deptford Bridge,DFDBRG,2,3
898,Elverson Road,ELVRRD,2,3
910,Emirates Royal Docks,EM RD,H,H
911,Emirates Greenwich Peninsula,EM GP,H,H
928,Greenwich,GRNWCH,2,3
940,Lewisham DLR,LEW DL,2,3
1022,Haggerston,Haggerston,2,2
1023,Hoxton,Hoxton,1,2
1024,Shoreditch High Street,Shoreditch H St,1,1
1039,Rotherhithe,Rotherhithe,2,2
1082,Shadwell LO,Shadwell,2,2
1083,Surrey Quays,Surrey Quays,2,2
1085,Wapping,Wapping,2,2
1395,Bushey,Bushey,8,8
1398,Hatch End,Hatch End,6,6
1402,Watford Junction,WFD JN,W,W
1404,Acton Central,ACTN C,3,3
1409,Gospel Oak,GOSP O,2,2
1413,Hampstead Heath,HSTD H,2,2
1415,Kilburn High Road,Kilburn High Rd,2,2
1421,West Hampstead LO,W HD N,2,2
1429,Dalston Kingsland,DALS K,2,2
1434,Headstone Lane,Headstone Lane,5,5
1437,Brondesbury,BRNSBY,2,2
1438,Brondesbury Park,Brondesbury Par,2,2
1439,Caledonian Road & Barnsbury,Caledonian R &,2,2
1440,Camden Road,CAM RD,2,2
1441,Canonbury,CANBRY,2,2
1442,Carpenders Park,Carpenders Park,7,7
1443,Dalston Junction,Dalston Jctn,2,2
1444,Euston NR,EUSTON NR,1,1
1445,Finchley Road & Frognal,Finchley Rd&Fgn,2,2
1448,Kensal Rise,Kensal Rise,2,2
1449,Kentish Town West,Kentish Tn West,2,2
1451,South Hampstead,South Hampstead,2,2
1452,South Acton,South Acton,3,3
1455,Watford High Street,WFD HS,8,8
1457,Willesden Junction,Willesden Junct,2,3
1475,Marylebone NR,MARYLEBONE NR,1,1
1478,Northolt Park,Northolt Park,5,5
1483,Sudbury & Harrow Road,Sudbury & Hrw R,4,4
1484,Sudbury Hill Harrow,Sudbury Hill Hr,4,4
1509,Wembley Stadium,Wembley Stadium,4,4
1519,Cricklewood,Cricklewood,3,3
1522,Hendon,Hendon,3,4
1524,Upper Holloway,Upper Holloway,2,2
1525,West Hampstead Thameslink,W Hampstead Tln,2,2
1527,Mill Hill Broadway,Mill Hill Bdwy,4,4
1542,Elstree & Borehamwood,Elstree,6,6
1548,St Albans,St Albans,C,C
1555,St Pancras International,St Pancras Intl,1,1
1726,Trainline LS,Trainline LS,1,1
3000,Acton Main Line,Acton Main Line,3,3
3087,Paddington NR,Paddington FGW,1,1
3098,Castle Bar Park,Castle Bar Park,4,4
3099,Drayton Green,Drayton Green,4,4
3138,South Greenford,South Greenford,4,4
3174,West Drayton,West Drayton,6,6
3186,Hayes & Harlington,Hayes & Harlgto,5,5
3187,Southall,Southall,4,4
3188,West Ealing,West Ealing,3,3
3191,Hanwell,Hanwell,4,4
5046,Beckenham Junction,Beckenham Junct,4,4
5047,Catford Bridge,Catford Bridge,3,3
5048,Clock House,Clock House,4,4
5049,Elmers End,Elmers End,4,4
5050,Hayes Kent,Hayes Kent,5,5
5051,Lewisham NR,Lewisham,2,3
5053,Lower Sydenham,Lower Sydenham,4,4
5054,West Wickham,West Wickham,5,5
5056,Eden Park,Eden Park,5,5
5057,Ladywell,Ladywell,3,3
5058,New Beckenham,New Beckenham,4,4
5059,St Johns,St Johns,2,2
5062,Bellingham,Bellingham,3,3
5063,Bickley,Bickley,5,5
5064,Bromley South,Bromley South,5,5
5066,Herne Hill,Herne Hill,2,3
5068,Nunhead,Nunhead,2,2
5069,Mitcham Eastfields,Mitcham Eastfld,3,3
5072,Penge East,Penge East,4,4
5073,St Mary Cray,St Mary Cray,6,6
5076,Beckenham Hill,Beckenham Hill,4,4
5077,Catford,Catford,3,3
5078,Crofton Park,Crofton Park,3,3
5080,Kent House,Kent House,4,4
5081,Brixton NR,Brixton NR,2,2
5082,Loughborough Junct,Loughborough Jc,2,2
5083,Ravensbourne,Ravensbourne,4,4
5084,Shortlands,Shortlands,4,4
5085,Sydenham Hill,Sydenham Hill,3,3
5086,West Dulwich,West Dulwich,3,3
5089,Barnehurst,Barnehurst,6,6
5092,Belvedere,Belvedere,5,5
5093,Bexley,Bexley,6,6
5094,Bexleyheath,Bexleyheath,5,5
5095,Blackheath,Blackheath,3,3
5096,Bromley North,Bromley North,4,4
5098,Chelsfield,Chelsfield,6,6
5099,Chislehurst,Chislehurst,5,5
5100,Crayford,Crayford,6,6
5103,Eltham,Eltham,4,4
5104,Erith,Erith,6,6
5107,Hither Green,Hither Green,3,3
5108,Kidbrooke,Kidbrooke,3,3
5109,Knockholt,Knockholt,6,6
5110,Lee,Lee,3,3
5112,Blackfriars NR,Blackfriars,1,1
5118,Mottingham,Mottingham,4,4
5119,New Eltham,New Eltham,4,4
5121,City Thameslink,CITY T,1,1
5122,Orpington,Orpington,6,6
5123,Petts Wood,Petts Wood,5,5
5125,Sidcup,Sidcup,5,5
5128,Welling,Welling,4,4
5131,Abbey Wood,Abbey Wood,4,4
5132,Albany Park,Albany Park,5,5
5135,Elmstead Woods,Elmstead Woods,4,4
5137,Falconwood,Falconwood,4,4
5139,Grove Park,Grove Park,4,4
5142,Cannon Street NR,Cannon St CSE,1,1
5143,Charing Cross NR,Charing X CSE,1,1
5144,Charlton,Charlton,3,3
5145,Deptford,Deptford,2,2
5146,Greenwich NR,Greenwich,2,3
5148,London Bridge NR,LDON B,1,1
5149,Maze Hill,Maze Hill,3,3
5150,New Cross,New Cross,2,2
5151,Westcombe Park,Westcombe Park,3,3
5152,Woolwich Arsenal NR,Woolwich Arsena,4,4
5153,Woolwich Dockyard,Woolwich Dockyd,3,3
5154,Slade Green,Slade Green,6,6
5155,Sundridge Park,Sundridge Park,4,4
5158,Waterloo East NR,Waterloo E NR,1,1
5208,Plumstead,Plumstead,4,4
5246,Elephant & Castle,ELEPHT,1,2
5266,Cannon St NTBS,Cannon St NTBS,1,1
5289,Haydons Road,Haydons Road,3,3
5290,St Helier,St Helier,4,4
5291,Morden South,Morden South,4,4
5292,South Merton,South Merton,4,4
5293,West Sutton,West Sutton,5,5
5301,Clapham High Street,Clapham High St,2,2
5345,New Cross Gate,New Cross Gate,2,2
5348,Banstead,Banstead,6,6
5350,Belmont,Belmont,5,5
5351,Caterham,Caterham,6,6
5352,Cheam,Cheam,5,5
5353,Chipstead,Chipstead,6,6
5354,East Croydon,East Croydon F,5,5
5355,East Croydon,East Croydon,5,5
5356,Crystal Palace,Crystal Palace,3,4
5358,East Dulwich,East Dulwich,2,2
5361,Epsom Downs,Epsom Downs,6,6
5362,Forest Hill,Forest Hill,3,3
5363,Gipsy Hill,Gipsy Hill,3,3
5364,Hackbridge,Hackbridge,4,4
5366,Kingswood,Kingswood,6,6
5372,Wandsworth Road,Wandsworth Road,2,2
5376,Norwood Junction SR,Norwood Junctio,4,4
5378,Penge West,Penge West,4,4
5379,Purley,Purley,6,6
5382,Coulsdon Town,Coulsdon Town,6,6
5383,Streatham,Streatham,3,3
5384,Streatham Common,Streatham Commo,3,3
5385,Sutton Surrey,Sutton Surrey,5,5
5386,Tadworth,Tadworth,6,6
5387,Tattenham Corner,Tattenham Corne,6,6
5388,Thornton Heath,Thornton Heath,4,4
5389,Tooting,Tooting,3,3
5390,Tulse Hill,Tulse Hill,3,3
5391,Upper Warlingham,Upper Warlingha,6,6
5392,Waddon,Waddon,5,5
5394,Wallington,Wallington,5,5
5395,Wandsworth Common,Wandsworth Comm,3,3
5396,Whyteleafe,Whyteleafe,6,6
5397,Anerley,Anerley,4,4
5399,Balham NR,Balham SCL,3,3
5401,Birkbeck,Birkbeck,4,4
5404,Brockley,Brockley,2,2
5405,Carshalton,Carshalton,5,5
5406,Carshalton Beeches,Carshalton Bchs,5,5
5408,Coulsdon South,Coulsdon South,6,6
5410,South Croydon,South Croydon,5,5
5411,West Croydon,West Croydon,5,5
5415,Ewell East,Ewell East,6,6
5418,Honor Oak Park,Honor Oak Park,3,3
5419,Kenley,Kenley,6,6
5420,Battersea Park,Battersea Park,2,2
5421,Denmark Hill,Denmark Hill,2,2
5423,Peckham Rye,Peckham Rye,2,2
5424,Queens Rd Peckham,Queens Rd Peckm,2,2
5425,South Bermondsey,South Bermondse,2,2
5426,Victoria NR,VIC SR,1,1
5427,Mitcham Junction,Mitcham Junct,4,4
5428,Norbury,Norbury,3,3
5429,North Dulwich,North Dulwich,2,3
5430,Purley Oaks,Purley Oaks,6,6
5431,Reedham Surrey,Reedham Surrey,6,6
5432,Riddlesdown,Riddlesdown,6,6
5433,Sanderstead,Sanderstead,6,6
5434,Selhurst,Selhurst,4,4
5435,Streatham Hill,Streatham Hill,3,3
5436,Sutton Common,Sutton Common,4,4
5437,Sydenham SR,Sydenham,3,3
5438,West Norwood,West Norwood,3,3
5439,Whyteleafe South,Whyteleafe Sout,6,6
5441,Woodmansterne,Woodmansterne,6,6
5449,Victoria NR,Victoria NR,1,1
5551,Barnes,Barnes,3,3
5552,Brentford,Brentford,4,4
5554,Chessington South,Chessington Sth,6,6
5559,Feltham,Feltham,6,6
5560,Hampton,Hampton,6,6
5561,Hampton Court,Hampton Court,6,6
5563,Hounslow,Hounslow,5,5
5565,Kingston,Kingston,6,6
5567,New Malden,New Malden,4,4
5568,Norbiton,Norbiton,5,5
5569,Raynes Park,Raynes Park,4,4
5570,Richmond,Richmond,4,4
5571,Surbiton,Surbiton,6,6
5572,Teddington,Teddington,6,6
5573,Tolworth,Tolworth,5,5
5574,Twickenham,Twickenham,5,5
5576,Wandsworth Town,Wandsworth Town,2,2
5578,Wimbledon,Wimbledon,3,3
5579,Worcester Park,Worcester Park,4,4
5580,Barnes Bridge,Barnes Bridge,3,3
5581,Berrylands,Berrylands,5,5
5582,Chessington North,Chessington Nth,6,6
5583,Chiswick,Chiswick,3,3
5584,Earlsfield,Earlsfield,3,3
5586,Ewell West,Ewell West,6,6
5587,Fulwell,Fulwell,6,6
5589,Hampton Wick,Hampton Wick,6,6
5592,Isleworth,Isleworth,4,4
5593,Kew Bridge,Kew Bridge,3,3
5595,Clapham Junction,Clapham Junctio,2,2
5596,Queenstown Road Battersea,Queenstown Road,2,2
5597,Vauxhall NR,Vauxhall SWT,1,2
5598,Waterloo NR (Plat 1-11),Waterloo 1-11,1,1
5599,Malden Manor,Malden Manor,4,4
5600,Mortlake,Mortlake,3,3
5601,North Sheen,North Sheen,3,3
5603,Putney,Putney,2,3
5604,St Margarets London,St Margarets Ld,4,4
5606,Stoneleigh,Stoneleigh,5,5
5607,Strawberry Hill,Strawberry Hill,5,5
5609,Syon Lane,Syon Lane,4,4
5610,Thames Ditton,Thames Ditton,6,6
5611,Whitton,Whitton,5,5
5612,Wimbledon Chase,Wimbledon Chase,3,3
5645,Motspur Park,Motspur Park,4,4
6000,Drayton Pk,DRAY P,2,2
6004,Essex Road,ESSX R,2,2
6007,Crews Hill,Crews Hill,6,6
6010,Enfield Chase,Enfield Chase,5,5
6012,Harringay,Harringay,3,3
6015,Hornsey,Hornsey,3,3
6018,New Barnet,New Barnet,5,5
6019,New Southgate,New Southgate,4,4
6020,Oakleigh Park,Oakleigh Park,4,4
6021,Palmers Green,Palmers Green,4,4
6022,Potters Bar,Potters Bar,9,9
6024,Winchmore Hill,Winchmore Hill,4,4
6025,Alexandra Palace,Alexandra Palac,3,3
6027,Bowes Park,Bowes Park,3,4
6028,Gordon Hill,Gordon Hill,5,5
6029,Grange Park,Grange Park,5,5
6070,Hatfield,Hatfield,B,B
6075,Hadley Wood,Hadley Wood,6,6
6085,Hertford North,Hertford North,C,C
6119,Finsbury Park NR,FINS P,2,2
6121,Kings Cross NR,K X,1,1
6183,Welwyn Garden City,Welwyn Gdn City,C,C
6331,Abellio,Abellio,1,1
6336,London Bridge NR,London Bdge NR,1,1
6810,Brimsdown,Brimsdown,5,5
6812,Broxbourne,Broxbourne,B,B
6814,Cheshunt,Cheshunt,8,8
6815,Enfield Lock,Enfield Lock,6,6
6819,Ponders End,Ponders End,5,5
6823,Waltham Cross,Waltham Cross,7,7
6867,Hackney Downs,Hackney Downs,2,2
6872,Brentwood,Brentwood,B,B
6874,Chadwell Heath,Chadwell Heath,5,5
6876,Forest Gate,Forest Gate,3,3
6877,Gidea Park,Gidea Park,6,6
6878,Goodmayes,Goodmayes,4,4
6879,Harold Wood,Harold Wood,6,6
6881,Ilford,Ilford,4,4
6883,Manor Park,Manor Park,3,4
6886,Romford,Romford,6,6
6888,Shenfield,Shenfield,C,C
6893,Seven Kings,Seven Kings,4,4
6909,Angel Road,Angel Road,4,4
6913,Bush Hill Park,Bush Hill Park,5,5
6914,Chingford,Chingford,5,5
6919,Highams Park,Highams Park,4,4
6926,Clapton,Clapton,2,3
6934,Stoke Newington,Stoke Newington,2,2
6941,Edmonton Green,Edmonton Green,4,4
6947,Southbury,Southbury,5,5
6949,Theobalds Grove,Theobalds Grove,7,7
6951,Tottenham Hale,Tottenham Hale,3,3
6952,Turkey Street,Turkey Street,6,6
6953,Walthamstow Central,Walthamstow Ctl,3,3
6954,Wood Street,Wood Street,4,4
6956,White Hart Lane,White Hart Lane,3,3
6958,Bruce Grove,Bruce Grove,3,3
6959,Enfield Town,Enfield Town,5,5
6960,Stratford,STFORDMEZZ,3,3
6961,Bethnal Green NR,Bethnal Green N,2,2
6962,Cambridge Heath,Cambridge Heath,2,2
6965,Liverpool Street NR,LIVR ST WAGN TG,1,1
6966,London Fields,London Fields,2,2
6967,Rectory Road,Rectory Road,2,2
6968,Stamford Hill,Stamford Hill,3,3
6970,Maryland,Maryland,3,3
6971,Northumberld Pk,Northumberld Pk,3,3
6972,Silver Street,Silver Street,4,4
6973,St James Street,St James Street,3,3
6977,Hackney Central,HACK C,2,2
6978,Hackney Wick,Hackney Wick,2,2
6979,Homerton,HOMTON,2,2
7401,Harringay Green Lanes,Harringay Gn La,3,3
7402,Leyton Midland Road,Leyton Mid Rd,3,3
7403,Leytonstone High Road,Leytonstone H R,3,3
7404,South Tottenham,South Tottenham,3,3
7406,Crouch Hill,Crouch Hill,3,3
7407,Walthamstow Queens Road,Walthamstow Q R,3,3
7408,Wanstead Park,Wanstead Park,3,3
7440,Dagenham Dock,Dagenham Dock,5,5
7443,Grays,Grays,W,W
7447,Chafford Hundred,Chafford Hundre,W,W
7451,Ockendon,Ockendon,W,W
7453,Purfleet,Purfleet,W,W
7454,Rainham Essex,Rainham Essex,6,6
7464,Upminster,Upminster,6,6
7467,Woodgrange Park,Woodgrange Park,3,4
7473,Emerson Park,Emerson Park,6,6
7490,Fenchurch Street NR,FENCHURCH ST NR,1,1
7491,Limehouse NR,LIMEHOUSE NR,2,2
8558,Victoria NR,VIC SE,1,1
8909,Waterloo NR,WaterlooNR12-19,1,1
9586,Imperial Wharf,Imperial Wharf,2,2
9587,Shepherds Bush LO,SBSHNR,2,2